,Timestamp,S_M_10cm,S_M_45cm,S_M_80cm,Temperature,Humidity,Pressure,Luxes,Battery,Readings,Day,Date,Time
0,1569846437,0.0,0.0,0.0,21.63,59.02,97715.05,184.0,26,0, Mon, 19/09/30, 12:27:17 
1,1569846515,0.0,0.0,0.0,21.6,59.06,97719.37,171.0,26,1, Mon, 19/09/30, 12:28:35 
2,1569846593,0.0,0.0,0.0,21.54,59.05,97720.99,176.0,27,2, Mon, 19/09/30, 12:29:53 
3,1569846671,0.0,0.0,0.0,21.52,59.06,97716.4,172.0,27,3, Mon, 19/09/30, 12:31:11 
4,1569846749,0.0,0.0,0.0,21.47,59.09,97713.74,178.0,27,4, Mon, 19/09/30, 12:32:29 
5,1569846827,0.0,0.0,0.0,21.45,59.14,97711.56,179.0,27,5, Mon, 19/09/30, 12:33:47 
6,1569846905,0.0,0.0,0.0,21.42,59.16,97717.5,179.0,27,6, Mon, 19/09/30, 12:35:05 
7,1569846983,0.0,0.0,0.0,21.38,59.18,97722.36,171.0,28,7, Mon, 19/09/30, 12:36:23 
8,1569847061,0.0,0.0,0.0,21.36,59.09,97729.9,169.0,28,8, Mon, 19/09/30, 12:37:41 
9,1569847139,0.0,0.0,0.0,21.34,59.11,97726.68,176.0,28,9, Mon, 19/09/30, 12:38:59 
10,1569847217,0.0,0.0,0.0,21.31,59.05,97733.4,162.0,28,10, Mon, 19/09/30, 12:40:17 
11,1569847295,0.0,0.0,0.0,21.29,59.11,97728.54,187.0,28,11, Mon, 19/09/30, 12:41:35 
12,1569847373,0.0,0.0,0.0,21.27,59.12,97725.31,183.0,28,12, Mon, 19/09/30, 12:42:53 
13,1569847451,0.0,0.0,0.0,21.23,59.13,97732.86,183.0,28,13, Mon, 19/09/30, 12:44:11 
14,1569847529,0.0,0.0,0.0,21.2,59.17,97722.09,194.0,28,14, Mon, 19/09/30, 12:45:29 
15,1569847607,0.0,0.0,0.0,21.18,59.16,97720.74,189.0,28,15, Mon, 19/09/30, 12:46:47 
16,1569847685,0.0,0.0,0.0,21.14,59.22,97719.37,193.0,28,16, Mon, 19/09/30, 12:48:05 
17,1569847763,0.0,0.0,0.0,21.12,59.26,97718.01,199.0,28,17, Mon, 19/09/30, 12:49:23 
18,1569847841,0.0,0.0,0.0,21.1,59.37,97722.87,226.0,11,18, Mon, 19/09/30, 12:50:41 
19,1569847919,0.0,0.0,0.0,21.07,59.86,97733.11,3.0,15,19, Mon, 19/09/30, 12:51:59 
20,1569847997,0.0,0.0,0.0,21.06,59.83,97728.26,1.0,15,20, Mon, 19/09/30, 12:53:17 
21,1569848075,0.0,0.0,0.0,21.04,59.65,97730.14,1.0,15,21, Mon, 19/09/30, 12:54:35 
22,1569848153,0.0,0.0,0.0,21.0,59.52,97735.51,1.0,15,22, Mon, 19/09/30, 12:55:53 
23,1569848231,0.0,0.0,0.0,20.95,59.47,97736.3,0.0,15,23, Mon, 19/09/30, 12:57:11 
24,1569848309,0.0,0.0,0.0,20.9,59.39,97737.92,1.0,15,24, Mon, 19/09/30, 12:58:29 
25,1569848387,0.0,0.0,0.0,20.84,59.45,97732.78,0.0,15,25, Mon, 19/09/30, 12:59:47 
26,1569848465,0.0,0.0,0.0,20.79,59.52,97741.11,0.0,15,26, Mon, 19/09/30, 13:01:05 
27,1569848543,0.0,0.0,0.0,20.75,59.53,97735.72,0.0,15,27, Mon, 19/09/30, 13:02:23 
28,1569848621,0.0,0.0,0.0,20.69,59.5,97740.02,0.0,15,28, Mon, 19/09/30, 13:03:41 
29,1569848699,0.0,0.0,0.0,20.65,59.62,97739.72,0.0,15,29, Mon, 19/09/30, 13:04:59 
30,1569848777,0.0,0.0,0.0,20.62,59.69,97735.94,0.0,15,30, Mon, 19/09/30, 13:06:17 
31,1569848856,0.0,0.0,0.0,20.56,59.94,97735.94,0.0,15,31, Mon, 19/09/30, 13:07:36 
32,1569848935,0.0,0.0,0.0,20.53,59.8,97741.02,0.0,15,32, Mon, 19/09/30, 13:08:55 
33,1569849014,0.0,0.0,0.0,20.48,59.82,97732.67,0.0,15,33, Mon, 19/09/30, 13:10:14 
34,1569849093,0.0,0.0,0.0,20.46,59.81,97741.3,0.0,15,34, Mon, 19/09/30, 13:11:33 
35,1569849172,0.0,0.0,0.0,20.45,59.85,97743.44,0.0,15,35, Mon, 19/09/30, 13:12:52 
36,1569849251,0.0,0.0,0.0,20.39,59.86,97744.76,0.0,15,36, Mon, 19/09/30, 13:14:11 
37,1569849330,0.0,0.0,0.0,20.37,59.87,97735.87,0.0,15,37, Mon, 19/09/30, 13:15:30 
38,1569849409,0.0,0.0,0.0,20.32,59.95,97740.95,0.0,15,38, Mon, 19/09/30, 13:16:49 
39,1569849488,0.0,0.0,0.0,20.29,59.97,97752.25,0.0,15,39, Mon, 19/09/30, 13:18:08 
40,1569849567,0.0,0.0,0.0,20.25,60.1,97745.78,0.0,15,40, Mon, 19/09/30, 13:19:27 
41,1569849646,0.0,0.0,0.0,20.23,59.97,97750.61,0.0,15,41, Mon, 19/09/30, 13:20:46 
42,1569849725,0.0,0.0,0.0,20.2,60.72,97760.01,0.0,15,42, Mon, 19/09/30, 13:22:05 
43,1569849804,0.0,0.0,0.0,20.2,62.89,97756.5,0.0,15,43, Mon, 19/09/30, 13:23:24 
44,1569849883,0.0,0.0,0.0,20.28,64.94,97750.89,0.0,15,44, Mon, 19/09/30, 13:24:43 
45,1569849962,0.0,0.0,0.0,20.37,66.62,97752.8,0.0,9,45, Mon, 19/09/30, 13:26:02 
46,1569850041,0.0,0.0,0.0,20.48,68.06,97760.69,0.0,8,46, Mon, 19/09/30, 13:27:21 
47,1569850120,0.0,0.0,0.0,20.6,69.28,97755.06,0.0,15,47, Mon, 19/09/30, 13:28:40 
48,1569850199,0.0,0.0,0.0,20.7,70.12,97765.05,0.0,15,48, Mon, 19/09/30, 13:29:59 
49,1569850278,0.0,0.0,0.0,20.79,70.94,97765.89,0.0,15,49, Mon, 19/09/30, 13:31:18 
50,1569850357,0.0,0.0,0.0,20.88,71.6,97766.19,0.0,15,50, Mon, 19/09/30, 13:32:37 
51,1569850436,0.0,0.0,0.0,20.97,72.23,97772.41,0.0,15,51, Mon, 19/09/30, 13:33:56 
52,1569850515,0.0,0.0,0.0,21.07,72.74,97767.59,0.0,9,52, Mon, 19/09/30, 13:35:15 
53,1569850594,0.0,0.0,0.0,21.14,73.12,97770.57,0.0,14,53, Mon, 19/09/30, 13:36:34 
54,1569850673,0.0,0.0,0.0,21.23,73.51,97775.19,0.0,14,54, Mon, 19/09/30, 13:37:53 
55,1569850752,0.0,0.0,0.0,21.31,73.78,97772.21,0.0,14,55, Mon, 19/09/30, 13:39:12 
56,1569850831,0.0,0.0,0.0,21.37,74.07,97775.47,0.0,14,56, Mon, 19/09/30, 13:40:31 
57,1569850910,0.0,0.0,0.0,21.44,74.28,97768.18,0.0,14,57, Mon, 19/09/30, 13:41:50 
58,1569850989,0.0,0.0,0.0,21.5,74.46,97767.09,0.0,14,58, Mon, 19/09/30, 13:43:09 
59,1569851068,0.0,0.0,0.0,21.54,74.6,97765.24,0.0,14,59, Mon, 19/09/30, 13:44:28 
60,1569851147,0.0,0.0,0.0,21.61,74.69,97772.24,0.0,13,60, Mon, 19/09/30, 13:45:47 
61,1569851226,0.0,0.0,0.0,21.67,74.82,97767.64,0.0,14,61, Mon, 19/09/30, 13:47:06 
62,1569851305,0.0,0.0,0.0,21.71,74.8,97772.24,0.0,14,62, Mon, 19/09/30, 13:48:25 
63,1569851384,0.0,0.0,0.0,21.75,74.92,97774.12,0.0,14,63, Mon, 19/09/30, 13:49:44 
64,1569851463,0.0,0.0,0.0,21.8,75.01,97768.7,0.0,8,64, Mon, 19/09/30, 13:51:03 
65,1569851542,0.0,0.0,0.0,21.84,75.02,97774.39,0.0,9,65, Mon, 19/09/30, 13:52:22 
66,1569851621,0.0,0.0,0.0,21.88,75.04,97771.99,0.0,10,66, Mon, 19/09/30, 13:53:41 
67,1569851700,0.0,0.0,0.0,21.94,75.08,97772.77,0.0,14,67, Mon, 19/09/30, 13:55:00 
68,1569851779,0.0,0.0,0.0,21.96,75.08,97779.24,0.0,14,68, Mon, 19/09/30, 13:56:19 
69,1569851858,0.0,0.0,0.0,22.02,75.05,97785.71,0.0,14,69, Mon, 19/09/30, 13:57:38 
70,1569851937,0.0,0.0,0.0,22.04,75.06,97778.97,0.0,14,70, Mon, 19/09/30, 13:58:57 
71,1569852016,0.0,0.0,0.0,22.09,75.08,97780.86,0.0,14,71, Mon, 19/09/30, 14:00:16 
72,1569852095,0.0,0.0,0.0,22.11,75.04,97778.4,0.0,14,72, Mon, 19/09/30, 14:01:35 
73,1569852174,0.0,0.0,0.0,22.15,75.03,97775.14,0.0,14,73, Mon, 19/09/30, 14:02:54 
74,1569852253,0.0,0.0,0.0,22.19,75.01,97769.22,0.0,14,74, Mon, 19/09/30, 14:04:13 
75,1569852332,0.0,0.0,0.0,22.21,75.15,97777.31,0.0,14,75, Mon, 19/09/30, 14:05:32 
76,1569852411,0.0,0.0,0.0,22.26,74.99,97777.84,0.0,14,76, Mon, 19/09/30, 14:06:51 
77,1569852490,0.0,0.0,0.0,22.29,74.91,97781.62,0.0,14,77, Mon, 19/09/30, 14:08:10 
78,1569852569,0.0,0.0,0.0,22.31,74.9,97785.63,0.0,14,78, Mon, 19/09/30, 14:09:29 
79,1569852648,0.0,0.0,0.0,22.35,74.85,97786.99,0.0,14,79, Mon, 19/09/30, 14:10:48 
80,1569852727,0.0,0.0,0.0,22.37,74.82,97787.24,0.0,10,80, Mon, 19/09/30, 14:12:07 
81,1569852806,0.0,0.0,0.0,22.39,74.78,97793.99,0.0,14,81, Mon, 19/09/30, 14:13:26 
82,1569852885,0.0,0.0,0.0,22.45,74.72,97785.34,0.0,14,82, Mon, 19/09/30, 14:14:45 
83,1569852964,0.0,0.0,0.0,22.46,74.71,97794.51,0.0,14,83, Mon, 19/09/30, 14:16:04 
84,1569853043,0.0,0.0,0.0,22.5,74.67,97805.56,0.0,14,84, Mon, 19/09/30, 14:17:23 
85,1569853122,0.0,0.0,0.0,22.54,74.59,97797.18,0.0,14,85, Mon, 19/09/30, 14:18:42 
86,1569853201,0.0,0.0,0.0,22.55,74.55,97800.15,0.0,14,86, Mon, 19/09/30, 14:20:01 
87,1569853280,0.0,0.0,0.0,22.59,74.52,97796.11,0.0,13,87, Mon, 19/09/30, 14:21:20 
88,1569853359,0.0,0.0,0.0,22.61,74.41,97800.97,0.0,13,88, Mon, 19/09/30, 14:22:39 
89,1569853438,0.0,0.0,0.0,22.63,74.43,97801.22,0.0,13,89, Mon, 19/09/30, 14:23:58 
90,1569853517,0.0,0.0,0.0,22.68,74.43,97796.34,0.0,13,90, Mon, 19/09/30, 14:25:17 
91,1569853596,0.0,0.0,0.0,22.7,74.35,97794.99,0.0,13,91, Mon, 19/09/30, 14:26:36 
92,1569853675,0.0,0.0,0.0,22.71,74.26,97800.93,0.0,13,92, Mon, 19/09/30, 14:27:55 
93,1569853754,0.0,0.0,0.0,22.75,74.29,97800.39,0.0,8,93, Mon, 19/09/30, 14:29:14 
94,1569853833,0.0,0.0,0.0,22.77,74.26,97799.0,0.0,13,94, Mon, 19/09/30, 14:30:33 
95,1569853912,0.0,0.0,0.0,22.79,74.24,97800.35,0.0,13,95, Mon, 19/09/30, 14:31:52 
96,1569853991,0.0,0.0,0.0,22.79,74.2,97805.47,0.0,13,96, Mon, 19/09/30, 14:33:11 
97,1569854070,0.0,0.0,0.0,22.82,74.17,97804.11,0.0,13,97, Mon, 19/09/30, 14:34:30 
98,1569854149,0.0,0.0,0.0,22.86,74.14,97800.87,0.0,13,98, Mon, 19/09/30, 14:35:49 
99,1569854228,0.0,0.0,0.0,22.88,74.13,97808.69,0.0,13,99, Mon, 19/09/30, 14:37:08 
100,1569854307,0.0,0.0,0.0,22.9,74.1,97805.42,0.0,13,100, Mon, 19/09/30, 14:38:27 
101,1569854448,0.0,0.0,0.0,22.94,74.08,97811.91,0.0,8,101, Mon, 19/09/30, 14:40:48 
102,1569854535,0.0,0.0,0.0,22.96,74.03,97809.74,0.0,13,102, Mon, 19/09/30, 14:42:15 
103,1569854649,0.0,0.0,0.0,23.0,74.0,97821.87,0.0,13,103, Mon, 19/09/30, 14:44:09 
104,1569854735,0.0,0.0,0.0,23.03,73.98,97816.74,0.0,13,104, Mon, 19/09/30, 14:45:35 
105,1569854881,0.0,0.0,0.0,23.06,73.95,97818.87,0.0,13,105, Mon, 19/09/30, 14:48:01 
106,1569854961,0.0,0.0,0.0,23.07,73.93,97821.28,0.0,13,106, Mon, 19/09/30, 14:49:21 
107,1569855041,0.0,0.0,0.0,23.1,73.88,97817.22,0.0,13,107, Mon, 19/09/30, 14:50:41 
108,1569855121,0.0,0.0,0.0,23.11,73.87,97825.05,0.0,13,108, Mon, 19/09/30, 14:52:01 
109,1569855201,0.0,0.0,0.0,23.13,73.87,97817.46,0.0,13,109, Mon, 19/09/30, 14:53:21 
110,1569855281,0.0,0.0,0.0,23.14,73.85,97823.4,0.0,13,110, Mon, 19/09/30, 14:54:41 
111,1569855361,0.0,0.0,0.0,23.17,73.83,97822.86,0.0,13,111, Mon, 19/09/30, 14:56:01 
112,1569855441,0.0,0.0,0.0,23.2,73.77,97822.86,0.0,13,112, Mon, 19/09/30, 14:57:21 
113,1569855521,0.0,0.0,0.0,23.2,73.78,97821.5,0.0,8,113, Mon, 19/09/30, 14:58:41 
114,1569855601,0.0,0.0,0.0,23.21,73.83,97823.9,0.0,13,114, Mon, 19/09/30, 15:00:01 
115,1569855681,0.0,0.0,0.0,23.25,73.74,97819.84,0.0,13,115, Mon, 19/09/30, 15:01:21 
116,1569855761,0.0,0.0,0.0,23.26,73.71,97821.19,0.0,13,116, Mon, 19/09/30, 15:02:41 
117,1569855841,0.0,0.0,0.0,23.29,73.68,97820.09,0.0,13,117, Mon, 19/09/30, 15:04:01 
118,1569855921,0.0,0.0,0.0,23.3,73.66,97821.72,0.0,13,118, Mon, 19/09/30, 15:05:21 
119,1569856001,0.0,0.0,0.0,23.31,73.66,97823.06,0.0,12,119, Mon, 19/09/30, 15:06:41 
120,1569856081,0.0,0.0,0.0,23.34,73.59,97820.1,0.0,12,120, Mon, 19/09/30, 15:08:01 
121,1569856161,0.0,0.0,0.0,23.35,73.56,97819.81,0.0,12,121, Mon, 19/09/30, 15:09:21 
122,1569856241,0.0,0.0,0.0,23.37,73.57,97821.15,0.0,12,122, Mon, 19/09/30, 15:10:41 
123,1569856321,0.0,0.0,0.0,23.37,73.53,97815.75,0.0,12,123, Mon, 19/09/30, 15:12:01 
124,1569856401,0.0,0.0,0.0,23.39,73.51,97822.47,0.0,12,124, Mon, 19/09/30, 15:13:21 
125,1569856481,0.0,0.0,0.0,23.4,73.31,97816.8,0.0,12,125, Mon, 19/09/30, 15:14:41 
126,1569856561,0.0,0.0,0.0,23.43,73.34,97823.8,0.0,5,126, Mon, 19/09/30, 15:16:01 
127,1569856641,0.0,0.0,0.0,23.44,73.43,97820.81,0.0,8,127, Mon, 19/09/30, 15:17:21 
128,1569856721,0.0,0.0,0.0,23.45,73.36,97820.55,0.0,12,128, Mon, 19/09/30, 15:18:41 
129,1569856801,0.0,0.0,0.0,23.45,73.37,97815.96,0.0,8,129, Mon, 19/09/30, 15:20:01 
130,1569856881,0.0,0.0,0.0,23.47,73.36,97819.19,0.0,12,130, Mon, 19/09/30, 15:21:21 
131,1569856961,0.0,0.0,0.0,23.5,73.3,97820.5,0.0,12,131, Mon, 19/09/30, 15:22:41 
132,1569857041,0.0,0.0,0.0,23.52,73.3,97824.84,0.0,12,132, Mon, 19/09/30, 15:24:01 
133,1569857121,0.0,0.0,0.0,23.52,73.27,97828.89,0.0,12,133, Mon, 19/09/30, 15:25:21 
134,1569857201,0.0,0.0,0.0,23.54,73.25,97822.65,0.0,8,134, Mon, 19/09/30, 15:26:41 
135,1569857281,0.0,0.0,0.0,23.54,73.24,97832.12,0.0,11,135, Mon, 19/09/30, 15:28:01 
136,1569857361,0.0,0.0,0.0,23.56,73.22,97831.01,0.0,11,136, Mon, 19/09/30, 15:29:21 
137,1569857441,0.0,0.0,0.0,23.59,73.19,97828.01,0.0,11,137, Mon, 19/09/30, 15:30:41 
138,1569857521,0.0,0.0,0.0,23.6,73.14,97828.82,0.0,11,138, Mon, 19/09/30, 15:32:01 
139,1569857601,0.0,0.0,0.0,23.61,73.1,97828.55,0.0,11,139, Mon, 19/09/30, 15:33:21 
140,1569857681,0.0,0.0,0.0,23.62,73.13,97833.69,0.0,11,140, Mon, 19/09/30, 15:34:41 
141,1569857761,0.0,0.0,0.0,23.63,73.1,97832.59,0.0,11,141, Mon, 19/09/30, 15:36:01 
142,1569857841,0.0,0.0,0.0,23.64,73.07,97831.22,0.0,7,142, Mon, 19/09/30, 15:37:21 
143,1569857921,0.0,0.0,0.0,23.67,73.05,97830.12,0.0,11,143, Mon, 19/09/30, 15:38:41 
144,1569858001,0.0,0.0,0.0,23.68,73.04,97834.45,0.0,11,144, Mon, 19/09/30, 15:40:01 
145,1569858081,0.0,0.0,0.0,23.7,73.16,97830.64,0.0,11,145, Mon, 19/09/30, 15:41:21 
146,1569858161,0.0,0.0,0.0,23.7,73.0,97837.69,0.0,7,146, Mon, 19/09/30, 15:42:41 
147,1569858241,0.0,0.0,0.0,23.71,73.02,97840.1,0.0,11,147, Mon, 19/09/30, 15:44:01 
148,1569858321,0.0,0.0,0.0,23.72,72.99,97839.03,0.0,11,148, Mon, 19/09/30, 15:45:21 
149,1569858401,0.0,0.0,0.0,23.73,73.0,97834.14,0.0,10,149, Mon, 19/09/30, 15:46:41 
150,1569858481,0.0,0.0,0.0,23.76,72.96,97836.56,0.0,10,150, Mon, 19/09/30, 15:48:01 
151,1569858561,0.0,0.0,0.0,23.77,72.95,97835.49,0.0,10,151, Mon, 19/09/30, 15:49:21 
152,1569858641,0.0,0.0,0.0,23.79,72.94,97835.49,0.0,10,152, Mon, 19/09/30, 15:50:41 
153,1569858721,0.0,0.0,0.0,23.79,73.0,97844.12,0.0,10,153, Mon, 19/09/30, 15:52:01 
154,1569858801,0.0,0.0,0.0,23.79,72.94,97842.2,0.0,10,154, Mon, 19/09/30, 15:53:21 
155,1569858881,0.0,0.0,0.0,23.8,72.89,97843.54,0.0,10,155, Mon, 19/09/30, 15:54:41 
156,1569858961,0.0,0.0,0.0,23.82,72.9,97851.37,0.0,10,156, Mon, 19/09/30, 15:56:01 
157,1569859041,0.0,0.0,0.0,23.85,72.88,97853.0,0.0,10,157, Mon, 19/09/30, 15:57:21 
158,1569859121,0.0,0.0,0.0,23.85,72.89,97860.82,0.0,10,158, Mon, 19/09/30, 15:58:41 
159,1569859201,0.0,0.0,0.0,23.87,72.87,97852.71,0.0,10,159, Mon, 19/09/30, 16:00:01 
160,1569859281,0.0,0.0,0.0,23.87,72.85,97857.82,0.0,8,160, Mon, 19/09/30, 16:01:21 
161,1569859361,0.0,0.0,0.0,23.89,72.86,97854.86,0.0,10,161, Mon, 19/09/30, 16:02:41 
162,1569859441,0.0,0.0,0.0,23.9,72.83,97856.47,0.0,10,162, Mon, 19/09/30, 16:04:01 
163,1569859521,0.0,0.0,0.0,23.93,72.82,97851.57,0.0,10,163, Mon, 19/09/30, 16:05:21 
164,1569859601,0.0,0.0,0.0,23.93,72.79,97850.5,0.0,10,164, Mon, 19/09/30, 16:06:41 
165,1569859681,0.0,0.0,0.0,23.95,72.81,97854.81,0.0,9,165, Mon, 19/09/30, 16:08:01 
166,1569859761,0.0,0.0,0.0,23.95,72.79,97857.22,0.0,9,166, Mon, 19/09/30, 16:09:21 
167,1569859841,0.0,0.0,0.0,23.96,72.82,97861.26,0.0,7,167, Mon, 19/09/30, 16:10:41 
168,1569859921,0.0,0.0,0.0,23.97,72.77,97855.86,0.0,9,168, Mon, 19/09/30, 16:12:01 
169,1569860001,0.0,0.0,0.0,24.0,72.77,97861.0,0.0,9,169, Mon, 19/09/30, 16:13:21 
170,1569860081,0.0,0.0,0.0,24.01,72.77,97863.42,0.0,9,170, Mon, 19/09/30, 16:14:41 
171,1569860161,0.0,0.0,0.0,24.02,72.78,97859.61,0.0,5,171, Mon, 19/09/30, 16:16:01 
172,1569860242,0.0,0.0,0.0,24.03,72.75,97863.13,0.0,9,172, Mon, 19/09/30, 16:17:22 
173,1569860323,0.0,0.0,0.0,24.04,72.75,97863.69,0.0,9,173, Mon, 19/09/30, 16:18:43 
174,1569860404,0.0,0.0,0.0,24.04,72.73,97868.81,0.0,7,174, Mon, 19/09/30, 16:20:04 
175,1569860485,0.0,0.0,0.0,24.06,72.75,97865.84,0.0,6,175, Mon, 19/09/30, 16:21:25 
176,1569860566,0.0,0.0,0.0,24.07,72.7,97868.55,0.0,7,176, Mon, 19/09/30, 16:22:46 
177,1569860647,0.0,0.0,0.0,24.1,72.74,97868.25,0.0,9,177, Mon, 19/09/30, 16:24:07 
178,1569860728,0.0,0.0,0.0,24.11,72.6,97875.27,0.0,9,178, Mon, 19/09/30, 16:25:28 
179,1569860809,0.0,0.0,0.0,24.12,72.68,97874.19,0.0,7,179, Mon, 19/09/30, 16:26:49 
180,1569860890,0.0,0.0,0.0,24.12,72.7,97880.13,0.0,7,180, Mon, 19/09/30, 16:28:10 
181,1569860971,0.0,0.0,0.0,24.13,72.72,97884.44,0.0,9,181, Mon, 19/09/30, 16:29:31 
182,1569861052,0.0,0.0,0.0,24.14,72.76,97889.86,0.0,7,182, Mon, 19/09/30, 16:30:52 
183,1569861133,0.0,0.0,0.0,24.15,72.83,97884.97,0.0,9,183, Mon, 19/09/30, 16:32:13 
184,1569861214,0.0,0.0,0.0,24.17,73.01,97879.29,0.0,9,184, Mon, 19/09/30, 16:33:34 
185,1569861295,0.0,0.0,0.0,24.19,72.82,97880.07,0.0,7,185, Mon, 19/09/30, 16:34:55 
186,1569861376,0.0,0.0,0.0,24.2,72.87,97882.51,0.0,8,186, Mon, 19/09/30, 16:36:16 
187,1569861457,0.0,0.0,0.0,24.2,72.92,97879.51,0.0,6,187, Mon, 19/09/30, 16:37:37 
188,1569861538,0.0,0.0,0.0,24.22,72.91,97881.15,0.0,9,188, Mon, 19/09/30, 16:38:58 
189,1569861619,0.0,0.0,0.0,24.23,72.89,97885.45,0.0,9,189, Mon, 19/09/30, 16:40:19 
190,1569861700,0.0,0.0,0.0,24.25,72.83,97884.37,0.0,9,190, Mon, 19/09/30, 16:41:40 
191,1569861781,0.0,0.0,0.0,24.25,72.74,97887.09,0.0,6,191, Mon, 19/09/30, 16:43:01 
192,1569861862,0.0,0.0,0.0,24.25,72.87,97887.09,0.0,9,192, Mon, 19/09/30, 16:44:22 
193,1569861943,0.0,0.0,0.0,24.25,72.79,97891.4,0.0,7,193, Mon, 19/09/30, 16:45:43 
194,1569862024,0.0,0.0,0.0,24.26,72.96,97893.03,0.0,9,194, Mon, 19/09/30, 16:47:04 
195,1569862105,0.0,0.0,0.0,24.27,72.95,97895.74,0.0,9,195, Mon, 19/09/30, 16:48:25 
196,1569862186,0.0,0.0,0.0,24.28,72.92,97884.61,0.0,9,196, Mon, 19/09/30, 16:49:46 
197,1569862267,0.0,0.0,0.0,24.28,72.92,97889.22,0.0,9,197, Mon, 19/09/30, 16:51:07 
198,1569862348,0.0,0.0,0.0,24.29,72.94,97887.02,0.0,9,198, Mon, 19/09/30, 16:52:28 
199,1569862429,0.0,0.0,0.0,24.29,72.95,97887.02,0.0,9,199, Mon, 19/09/30, 16:53:49 
200,1569862510,0.0,0.0,0.0,24.3,73.14,97897.56,0.0,9,200, Mon, 19/09/30, 16:55:10 
201,1569862591,0.0,0.0,0.0,24.31,73.0,97895.67,0.0,9,201, Mon, 19/09/30, 16:56:31 
202,1569862672,0.0,0.0,0.0,24.32,73.0,97894.3,0.0,9,202, Mon, 19/09/30, 16:57:52 
203,1569862753,0.0,0.0,0.0,24.34,72.99,97899.72,0.0,9,203, Mon, 19/09/30, 16:59:13 
204,1569862834,0.0,0.0,0.0,24.35,73.0,97892.93,0.0,9,204, Mon, 19/09/30, 17:00:34 
205,1569862915,0.0,0.0,0.0,24.36,72.96,97898.05,0.0,9,205, Mon, 19/09/30, 17:01:55 
206,1569863020,0.0,0.0,0.0,24.37,73.01,97897.76,0.0,9,206, Mon, 19/09/30, 17:03:40 
207,1569863101,0.0,0.0,0.0,24.39,72.95,97905.59,0.0,9,207, Mon, 19/09/30, 17:05:01 
208,1569863182,0.0,0.0,0.0,24.4,72.93,97898.28,0.0,7,208, Mon, 19/09/30, 17:06:22 
209,1569863263,0.0,0.0,0.0,24.42,72.93,97902.62,0.0,7,209, Mon, 19/09/30, 17:07:43 
210,1569863344,0.0,0.0,0.0,24.43,72.93,97904.22,0.0,9,210, Mon, 19/09/30, 17:09:04 
211,1569863425,0.0,0.0,0.0,24.44,72.95,97903.14,0.0,8,211, Mon, 19/09/30, 17:10:25 
212,1569863506,0.0,0.0,0.0,24.45,72.96,97908.56,0.0,7,212, Mon, 19/09/30, 17:11:46 
213,1569863587,0.0,0.0,0.0,24.46,72.91,97903.67,0.0,8,213, Mon, 19/09/30, 17:13:07 
214,1569863668,0.0,0.0,0.0,24.47,72.93,97901.49,0.0,8,214, Mon, 19/09/30, 17:14:28 
215,1569863749,0.0,0.0,0.0,24.48,72.91,97906.9,0.0,8,215, Mon, 19/09/30, 17:15:49 
216,1569863830,0.0,0.0,0.0,24.48,72.92,97904.71,0.0,8,216, Mon, 19/09/30, 17:17:10 
217,1569863911,0.0,0.0,0.0,24.52,72.84,97905.53,0.0,8,217, Mon, 19/09/30, 17:18:31 
218,1569863992,0.0,0.0,0.0,24.52,73.04,97907.12,0.0,8,218, Mon, 19/09/30, 17:19:52 
219,1569864073,0.0,0.0,0.0,24.52,72.89,97914.17,0.0,8,219, Mon, 19/09/30, 17:21:13 
220,1569864154,0.0,0.0,0.0,24.54,72.88,97906.82,0.0,8,220, Mon, 19/09/30, 17:22:34 
221,1569864235,0.0,0.0,0.0,24.54,72.86,97905.75,0.0,8,221, Mon, 19/09/30, 17:23:55 
222,1569864316,0.0,0.0,0.0,24.55,72.95,97907.36,0.0,8,222, Mon, 19/09/30, 17:25:16 
223,1569864397,0.0,0.0,0.0,24.55,72.88,97902.75,0.0,8,223, Mon, 19/09/30, 17:26:37 
224,1569864478,0.0,0.0,0.0,24.55,72.81,97908.99,0.0,8,224, Mon, 19/09/30, 17:27:58 
225,1569864559,0.0,0.0,0.0,24.57,72.81,97899.75,0.0,8,225, Mon, 19/09/30, 17:29:19 
226,1569864640,0.0,0.0,0.0,24.59,72.78,97904.09,0.0,6,226, Mon, 19/09/30, 17:30:40 
227,1569864721,0.0,0.0,0.0,24.6,72.78,97905.69,0.0,8,227, Mon, 19/09/30, 17:32:01 
228,1569864802,0.0,0.0,0.0,24.6,72.75,97908.39,0.0,8,228, Mon, 19/09/30, 17:33:22 
229,1569864883,0.0,0.0,0.0,24.61,72.76,97911.62,0.0,8,229, Mon, 19/09/30, 17:34:43 
230,1569864964,0.0,0.0,0.0,24.62,72.72,97903.5,0.0,8,230, Mon, 19/09/30, 17:36:04 
231,1569865045,0.0,0.0,0.0,24.62,72.73,97905.12,0.0,8,231, Mon, 19/09/30, 17:37:25 
232,1569865126,0.0,0.0,0.0,24.63,72.73,97900.22,0.0,8,232, Mon, 19/09/30, 17:38:46 
233,1569865207,0.0,0.0,0.0,24.64,72.71,97905.65,0.0,8,233, Mon, 19/09/30, 17:40:07 
234,1569865288,0.0,0.0,0.0,24.64,72.72,97901.05,0.0,8,234, Mon, 19/09/30, 17:41:28 
235,1569865369,0.0,0.0,0.0,24.68,72.66,97904.27,0.0,8,235, Mon, 19/09/30, 17:42:49 
236,1569865450,0.0,0.0,0.0,24.68,72.75,97909.69,0.0,8,236, Mon, 19/09/30, 17:44:10 
237,1569865531,0.0,0.0,0.0,24.69,72.57,97906.69,0.0,8,237, Mon, 19/09/30, 17:45:31 
238,1569865612,0.0,0.0,0.0,24.69,72.65,97908.29,0.0,7,238, Mon, 19/09/30, 17:46:52 
239,1569865693,0.0,0.0,0.0,24.7,72.62,97909.92,0.0,8,239, Mon, 19/09/30, 17:48:13 
240,1569865774,0.0,0.0,0.0,24.7,72.56,97903.39,0.0,8,240, Mon, 19/09/30, 17:49:34 
241,1569865855,0.0,0.0,0.0,24.7,72.57,97910.44,0.0,8,241, Mon, 19/09/30, 17:50:55 
242,1569865936,0.0,0.0,0.0,24.71,72.59,97909.39,0.0,8,242, Mon, 19/09/30, 17:52:16 
243,1569866017,0.0,0.0,0.0,24.72,72.59,97905.84,0.0,6,243, Mon, 19/09/30, 17:53:37 
244,1569866098,0.0,0.0,0.0,24.73,72.59,97921.82,0.0,8,244, Mon, 19/09/30, 17:54:58 
245,1569866179,0.0,0.0,0.0,24.76,72.58,97915.32,0.0,8,245, Mon, 19/09/30, 17:56:19 
246,1569866261,0.0,0.0,0.0,24.76,72.71,97924.25,0.0,8,246, Mon, 19/09/30, 17:57:41 
247,1569866343,0.0,0.0,0.0,24.76,72.57,97915.85,0.0,8,247, Mon, 19/09/30, 17:59:03 
248,1569866425,0.0,0.0,0.0,24.77,72.61,97926.69,0.0,8,248, Mon, 19/09/30, 18:00:25 
249,1569866507,0.0,0.0,0.0,24.79,72.54,97912.84,0.0,8,249, Mon, 19/09/30, 18:01:47 
250,1569866589,0.0,0.0,0.0,24.79,72.54,97919.86,0.0,8,250, Mon, 19/09/30, 18:03:09 
251,1569866671,0.0,0.0,0.0,24.8,72.55,97911.74,0.0,8,251, Mon, 19/09/30, 18:04:31 
252,1569866753,0.0,0.0,0.0,24.79,72.57,97914.44,0.0,8,252, Mon, 19/09/30, 18:05:53 
253,1569866835,0.0,0.0,0.0,24.8,72.56,97912.25,0.0,8,253, Mon, 19/09/30, 18:07:15 
254,1569866917,0.0,0.0,0.0,24.82,72.56,97910.36,0.0,8,254, Mon, 19/09/30, 18:08:37 
255,1569866999,0.0,0.0,0.0,24.85,72.54,97914.7,0.0,6,255, Mon, 19/09/30, 18:09:59 
256,1569867081,0.0,0.0,0.0,24.84,72.55,97913.59,0.0,6,256, Mon, 19/09/30, 18:11:21 
257,1569867163,0.0,0.0,0.0,24.85,72.54,97922.54,0.0,5,257, Mon, 19/09/30, 18:12:43 
258,1569867245,0.0,0.0,0.0,24.86,72.58,97924.13,0.0,5,258, Mon, 19/09/30, 18:14:05 
259,1569867327,0.0,0.0,0.0,24.87,72.53,97925.76,0.0,5,259, Mon, 19/09/30, 18:15:27 
260,1569867409,0.0,0.0,0.0,24.87,72.5,97926.57,0.0,8,260, Mon, 19/09/30, 18:16:49 
261,1569867491,0.0,0.0,0.0,24.87,72.53,97936.31,0.0,8,261, Mon, 19/09/30, 18:18:11 
262,1569867573,0.0,0.0,0.0,24.88,72.51,97926.28,0.0,8,262, Mon, 19/09/30, 18:19:33 
263,1569867655,0.0,0.0,0.0,24.88,72.49,97921.68,0.0,8,263, Mon, 19/09/30, 18:20:55 
264,1569867737,0.0,0.0,0.0,24.88,72.51,97931.4,0.0,8,264, Mon, 19/09/30, 18:22:17 
265,1569867819,0.0,0.0,0.0,24.92,72.46,97923.28,0.0,6,265, Mon, 19/09/30, 18:23:39 
266,1569867901,0.0,0.0,0.0,24.9,72.5,97933.05,0.0,8,266, Mon, 19/09/30, 18:25:01 
267,1569867983,0.0,0.0,0.0,24.92,72.51,97924.9,0.0,6,267, Mon, 19/09/30, 18:26:23 
268,1569868065,0.0,0.0,0.0,24.94,72.48,97921.9,0.0,8,268, Mon, 19/09/30, 18:27:45 
269,1569868147,0.0,0.0,0.0,24.93,72.47,97930.85,0.0,6,269, Mon, 19/09/30, 18:29:07 
270,1569868229,0.0,0.0,0.0,24.95,72.48,97918.89,0.0,8,270, Mon, 19/09/30, 18:30:29 
271,1569868311,0.0,0.0,0.0,24.95,72.51,97924.31,0.0,8,271, Mon, 19/09/30, 18:31:51 
272,1569868393,0.0,0.0,0.0,24.95,72.47,97919.41,0.0,8,272, Mon, 19/09/30, 18:33:13 
273,1569868475,0.0,0.0,0.0,24.95,72.5,97926.74,0.0,8,273, Mon, 19/09/30, 18:34:35 
274,1569868557,0.0,0.0,0.0,24.96,72.45,97929.17,0.0,6,274, Mon, 19/09/30, 18:35:57 
275,1569868639,0.0,0.0,0.0,24.97,72.46,97929.17,0.0,8,275, Mon, 19/09/30, 18:37:19 
276,1569868721,0.0,0.0,0.0,24.98,72.44,97921.82,0.0,8,276, Mon, 19/09/30, 18:38:41 
277,1569868803,0.0,0.0,0.0,24.98,72.47,97928.87,0.0,5,277, Mon, 19/09/30, 18:40:03 
278,1569868885,0.0,0.0,0.0,25.0,72.44,97923.45,0.0,6,278, Mon, 19/09/30, 18:41:25 
279,1569868967,0.0,0.0,0.0,25.0,72.66,97934.82,0.0,6,279, Mon, 19/09/30, 18:42:47 
280,1569869049,0.0,0.0,0.0,25.01,72.46,97923.97,0.0,8,280, Mon, 19/09/30, 18:44:09 
281,1569869131,0.0,0.0,0.0,25.01,72.43,97922.9,0.0,6,281, Mon, 19/09/30, 18:45:31 
282,1569869213,0.0,0.0,0.0,25.03,72.63,97927.5,0.0,8,282, Mon, 19/09/30, 18:46:53 
283,1569869295,0.0,0.0,0.0,25.03,72.4,97929.92,0.0,8,283, Mon, 19/09/30, 18:48:15 
284,1569869377,0.0,0.0,0.0,25.04,72.4,97921.78,0.0,8,284, Mon, 19/09/30, 18:49:37 
285,1569869459,0.0,0.0,0.0,25.04,72.41,97932.34,0.0,7,285, Mon, 19/09/30, 18:50:59 
286,1569869541,0.0,0.0,0.0,25.04,72.42,97925.82,0.0,7,286, Mon, 19/09/30, 18:52:21 
287,1569869623,0.0,0.0,0.0,25.04,72.38,97920.4,0.0,7,287, Mon, 19/09/30, 18:53:43 
288,1569869705,0.0,0.0,0.0,25.05,72.47,97921.22,0.0,7,288, Mon, 19/09/30, 18:55:05 
289,1569869787,0.0,0.0,0.0,25.05,72.4,97926.64,0.0,7,289, Mon, 19/09/30, 18:56:27 
290,1569869869,0.0,0.0,0.0,25.07,72.41,97924.72,0.0,6,290, Mon, 19/09/30, 18:57:49 
291,1569869951,0.0,0.0,0.0,25.06,72.41,97924.45,0.0,7,291, Mon, 19/09/30, 18:59:11 
292,1569870033,0.0,0.0,0.0,25.07,72.4,97919.81,0.0,7,292, Mon, 19/09/30, 19:00:33 
293,1569870115,0.0,0.0,0.0,25.06,72.39,97922.82,0.0,7,293, Mon, 19/09/30, 19:01:55 
294,1569870197,0.0,0.0,0.0,25.09,72.39,97911.67,0.0,7,294, Mon, 19/09/30, 19:03:17 
295,1569870279,0.0,0.0,0.0,25.09,72.39,97917.91,0.0,7,295, Mon, 19/09/30, 19:04:39 
296,1569870361,0.0,0.0,0.0,25.11,72.38,97920.32,0.0,7,296, Mon, 19/09/30, 19:06:01 
297,1569870443,0.0,0.0,0.0,25.11,72.38,97923.86,0.0,7,297, Mon, 19/09/30, 19:07:23 
298,1569870525,0.0,0.0,0.0,25.11,72.38,97925.49,0.0,5,298, Mon, 19/09/30, 19:08:45 
299,1569870607,0.0,0.0,0.0,25.12,72.39,97921.95,0.0,7,299, Mon, 19/09/30, 19:10:07 
300,1569870689,0.0,0.0,0.0,25.12,72.37,97910.81,0.0,5,300, Mon, 19/09/30, 19:11:29 
301,1569870771,0.0,0.0,0.0,25.12,72.35,97912.7,0.0,7,301, Mon, 19/09/30, 19:12:51 
302,1569870853,0.0,0.0,0.0,25.12,72.39,97907.28,0.0,7,302, Mon, 19/09/30, 19:14:13 
303,1569870935,0.0,0.0,0.0,25.13,72.55,97914.34,0.0,6,303, Mon, 19/09/30, 19:15:35 
304,1569871017,0.0,0.0,0.0,25.13,72.36,97915.94,0.0,7,304, Mon, 19/09/30, 19:16:57 
305,1569871099,0.0,0.0,0.0,25.14,72.37,97921.36,0.0,7,305, Mon, 19/09/30, 19:18:19 
306,1569871181,0.0,0.0,0.0,25.15,72.37,97914.04,0.0,7,306, Mon, 19/09/30, 19:19:41 
307,1569871271,0.0,0.0,0.0,25.14,72.36,97917.56,0.0,7,307, Mon, 19/09/30, 19:21:11 
308,1569871361,0.0,0.0,0.0,25.15,72.35,97916.45,0.0,7,308, Mon, 19/09/30, 19:22:41 
309,1569871450,0.0,0.0,0.0,25.18,72.35,97907.24,0.0,5,309, Mon, 19/09/30, 19:24:10 
310,1569871540,0.0,0.0,0.0,25.18,72.34,97907.24,0.0,7,310, Mon, 19/09/30, 19:25:40 
311,1569871683,0.0,0.0,0.0,25.19,72.33,97908.05,0.0,7,311, Mon, 19/09/30, 19:28:03 
312,1569871861,0.0,0.0,0.0,25.19,72.13,97905.34,0.0,7,312, Mon, 19/09/30, 19:31:01 
313,1569872016,0.0,0.0,0.0,25.2,72.33,97913.17,0.0,7,313, Mon, 19/09/30, 19:33:36 
314,1569872098,0.0,0.0,0.0,25.19,72.32,97909.65,0.0,7,314, Mon, 19/09/30, 19:34:58 
315,1569872180,0.0,0.0,0.0,25.2,72.34,97905.04,0.0,7,315, Mon, 19/09/30, 19:36:20 
316,1569872262,0.0,0.0,0.0,25.19,72.35,97916.4,0.0,7,316, Mon, 19/09/30, 19:37:42 
317,1569872344,0.0,0.0,0.0,25.2,72.33,97903.92,0.0,7,317, Mon, 19/09/30, 19:39:04 
318,1569872426,0.0,0.0,0.0,25.2,72.33,97907.45,0.0,5,318, Mon, 19/09/30, 19:40:26 
319,1569872508,0.0,0.0,0.0,25.2,72.32,97907.45,0.0,7,319, Mon, 19/09/30, 19:41:48 
320,1569872591,0.0,0.0,0.0,25.21,72.34,97906.37,0.0,7,320, Mon, 19/09/30, 19:43:11 
321,1569872674,0.0,0.0,0.0,25.22,72.35,97905.56,0.0,7,321, Mon, 19/09/30, 19:44:34 
322,1569872757,0.0,0.0,0.0,25.21,72.34,97904.74,0.0,5,322, Mon, 19/09/30, 19:45:57 
323,1569872840,0.0,0.0,0.0,25.22,72.32,97905.56,0.0,4,323, Mon, 19/09/30, 19:47:20 
324,1569872923,0.0,0.0,0.0,25.23,72.33,97907.15,0.0,7,324, Mon, 19/09/30, 19:48:43 
325,1569873006,0.0,0.0,0.0,25.22,72.33,97909.6,0.0,7,325, Mon, 19/09/30, 19:50:06 
326,1569873089,0.0,0.0,0.0,25.23,72.31,97904.99,0.0,7,326, Mon, 19/09/30, 19:51:29 
327,1569873172,0.0,0.0,0.0,25.25,72.39,97908.78,0.0,7,327, Mon, 19/09/30, 19:52:52 
328,1569873255,0.0,0.0,0.0,25.23,72.31,97906.07,0.0,5,328, Mon, 19/09/30, 19:54:15 
329,1569873338,0.0,0.0,0.0,25.25,72.29,97899.56,0.0,7,329, Mon, 19/09/30, 19:55:38 
330,1569873421,0.0,0.0,0.0,25.26,72.32,97899.56,0.0,4,330, Mon, 19/09/30, 19:57:01 
331,1569873504,0.0,0.0,0.0,25.26,72.28,97903.87,0.0,7,331, Mon, 19/09/30, 19:58:24 
332,1569873587,0.0,0.0,0.0,25.26,72.31,97899.56,0.0,5,332, Mon, 19/09/30, 19:59:47 
333,1569873670,0.0,0.0,0.0,25.26,72.32,97900.34,0.0,5,333, Mon, 19/09/30, 20:01:10 
334,1569873753,0.0,0.0,0.0,25.26,72.33,97895.74,0.0,7,334, Mon, 19/09/30, 20:02:33 
335,1569873836,0.0,0.0,0.0,25.26,72.29,97897.37,0.0,7,335, Mon, 19/09/30, 20:03:56 
336,1569873919,0.0,0.0,0.0,25.26,72.3,97890.31,0.0,7,336, Mon, 19/09/30, 20:05:19 
337,1569874002,0.0,0.0,0.0,25.27,72.33,97890.31,0.0,7,337, Mon, 19/09/30, 20:06:42 
338,1569874085,0.0,0.0,0.0,25.27,72.33,97898.15,0.0,7,338, Mon, 19/09/30, 20:08:05 
339,1569874168,0.0,0.0,0.0,25.28,72.33,97893.54,0.0,7,339, Mon, 19/09/30, 20:09:28 
340,1569874251,0.0,0.0,0.0,25.28,72.31,97890.82,0.0,7,340, Mon, 19/09/30, 20:10:51 
341,1569874334,0.0,0.0,0.0,25.28,72.34,97887.3,0.0,7,341, Mon, 19/09/30, 20:12:14 
342,1569874417,0.0,0.0,0.0,25.29,72.29,97885.92,0.0,5,342, Mon, 19/09/30, 20:13:37 
343,1569874500,0.0,0.0,0.0,25.29,72.41,97878.89,0.0,7,343, Mon, 19/09/30, 20:15:00 
344,1569874583,0.0,0.0,0.0,25.29,72.3,97869.94,0.0,7,344, Mon, 19/09/30, 20:16:23 
345,1569874666,0.0,0.0,0.0,25.29,72.31,97870.45,0.0,5,345, Mon, 19/09/30, 20:17:46 
346,1569874749,0.0,0.0,0.0,25.29,72.3,97866.92,0.0,7,346, Mon, 19/09/30, 20:19:09 
347,1569874832,0.0,0.0,0.0,25.29,72.31,97863.13,0.0,7,347, Mon, 19/09/30, 20:20:32 
348,1569874915,0.0,0.0,0.0,25.3,72.32,97861.2,0.0,5,348, Mon, 19/09/30, 20:21:55 
349,1569874998,0.0,0.0,0.0,25.31,72.3,97862.01,0.0,7,349, Mon, 19/09/30, 20:23:18 
350,1569875081,0.0,0.0,0.0,25.31,72.28,97846.86,0.0,7,350, Mon, 19/09/30, 20:24:41 
351,1569875164,0.0,0.0,0.0,25.3,72.27,97858.22,0.0,7,351, Mon, 19/09/30, 20:26:04 
352,1569875247,0.0,0.0,0.0,25.32,72.26,97851.99,0.0,3,352, Mon, 19/09/30, 20:27:27 
353,1569875330,0.0,0.0,0.0,25.32,72.3,97851.16,0.0,5,353, Mon, 19/09/30, 20:28:50 
354,1569875413,0.0,0.0,0.0,25.34,72.28,97847.37,0.0,7,354, Mon, 19/09/30, 20:30:13 
355,1569875496,0.0,0.0,0.0,25.32,72.28,97853.57,0.0,5,355, Mon, 19/09/30, 20:31:36 
356,1569875579,0.0,0.0,0.0,25.34,72.28,97842.72,0.0,5,356, Mon, 19/09/30, 20:32:59 
357,1569875662,0.0,0.0,0.0,25.34,72.3,97847.37,0.0,5,357, Mon, 19/09/30, 20:34:22 
358,1569875745,0.0,0.0,0.0,25.34,72.3,97848.97,0.0,7,358, Mon, 19/09/30, 20:35:45 
359,1569875828,0.0,0.0,0.0,25.34,72.27,97848.97,0.0,7,359, Mon, 19/09/30, 20:37:08 
360,1569875911,0.0,0.0,0.0,25.35,72.28,97840.01,0.0,5,360, Mon, 19/09/30, 20:38:31 
361,1569875994,0.0,0.0,0.0,25.35,72.26,97843.54,0.0,7,361, Mon, 19/09/30, 20:39:54 
362,1569876077,0.0,0.0,0.0,25.36,72.26,97842.45,0.0,7,362, Mon, 19/09/30, 20:41:17 
363,1569876160,0.0,0.0,0.0,25.36,72.27,97846.76,0.0,7,363, Mon, 19/09/30, 20:42:40 
364,1569876243,0.0,0.0,0.0,25.36,72.29,97839.74,0.0,7,364, Mon, 19/09/30, 20:44:03 
365,1569876326,0.0,0.0,0.0,25.36,72.27,97846.76,0.0,7,365, Mon, 19/09/30, 20:45:26 
366,1569876409,0.0,0.0,0.0,25.37,72.2,97844.05,0.0,7,366, Mon, 19/09/30, 20:46:49 
367,1569876492,0.0,0.0,0.0,25.37,72.27,97842.97,0.0,5,367, Mon, 19/09/30, 20:48:12 
368,1569876575,0.0,0.0,0.0,25.36,72.35,97848.39,0.0,7,368, Mon, 19/09/30, 20:49:35 
369,1569876658,0.0,0.0,0.0,25.37,72.28,97842.97,0.0,7,369, Mon, 19/09/30, 20:50:58 
370,1569876741,0.0,0.0,0.0,25.37,72.26,97838.32,0.0,5,370, Mon, 19/09/30, 20:52:21 
371,1569876824,0.0,0.0,0.0,25.37,72.26,97838.32,0.0,7,371, Mon, 19/09/30, 20:53:44 
372,1569876907,0.0,0.0,0.0,25.37,72.27,97837.24,0.0,5,372, Mon, 19/09/30, 20:55:07 
373,1569876990,0.0,0.0,0.0,25.37,72.25,97841.86,0.0,5,373, Mon, 19/09/30, 20:56:30 
374,1569877073,0.0,0.0,0.0,25.37,72.26,97836.43,0.0,7,374, Mon, 19/09/30, 20:57:53 
375,1569877156,0.0,0.0,0.0,25.38,72.27,97834.53,0.0,5,375, Mon, 19/09/30, 20:59:16 
376,1569877239,0.0,0.0,0.0,25.38,72.26,97829.92,0.0,6,376, Mon, 19/09/30, 21:00:39 
377,1569877322,0.0,0.0,0.0,25.38,72.23,97835.34,0.0,7,377, Mon, 19/09/30, 21:02:02 
378,1569877405,0.0,0.0,0.0,25.39,72.24,97835.34,0.0,7,378, Mon, 19/09/30, 21:03:25 
379,1569877488,0.0,0.0,0.0,25.39,72.08,97826.09,0.0,5,379, Mon, 19/09/30, 21:04:48 
380,1569877571,0.0,0.0,0.0,25.39,72.24,97828.8,0.0,7,380, Mon, 19/09/30, 21:06:11 
381,1569877654,0.0,0.0,0.0,25.39,72.23,97833.17,0.0,7,381, Mon, 19/09/30, 21:07:34 
382,1569877737,0.0,0.0,0.0,25.4,72.26,97823.37,0.0,6,382, Mon, 19/09/30, 21:08:57 
383,1569877820,0.0,0.0,0.0,25.4,72.24,97827.75,0.0,6,383, Mon, 19/09/30, 21:10:20 
384,1569877903,0.0,0.0,0.0,25.4,72.23,97821.47,0.0,6,384, Mon, 19/09/30, 21:11:43 
385,1569877986,0.0,0.0,0.0,25.4,72.23,97822.32,0.0,5,385, Mon, 19/09/30, 21:13:06 
386,1569878069,0.0,0.0,0.0,25.43,72.22,97820.39,0.0,6,386, Mon, 19/09/30, 21:14:29 
387,1569878152,0.0,0.0,0.0,25.43,72.23,97819.61,0.0,3,387, Mon, 19/09/30, 21:15:52 
388,1569878235,0.0,0.0,0.0,25.42,72.32,97823.11,0.0,6,388, Mon, 19/09/30, 21:17:15 
389,1569878318,0.0,0.0,0.0,25.4,72.27,97815.78,0.0,6,389, Mon, 19/09/30, 21:18:38 
390,1569878402,0.0,0.0,0.0,25.44,72.25,97818.49,0.0,6,390, Mon, 19/09/30, 21:20:02 
391,1569878486,0.0,0.0,0.0,25.43,72.26,97823.62,0.0,6,391, Mon, 19/09/30, 21:21:26 
392,1569878570,0.0,0.0,0.0,25.44,72.26,97820.9,0.0,6,392, Mon, 19/09/30, 21:22:50 
393,1569878654,0.0,0.0,0.0,25.44,72.16,97820.9,0.0,5,393, Mon, 19/09/30, 21:24:14 
394,1569878738,0.0,0.0,0.0,25.44,72.27,97815.47,0.0,6,394, Mon, 19/09/30, 21:25:38 
395,1569878822,0.0,0.0,0.0,25.44,72.27,97809.78,0.0,6,395, Mon, 19/09/30, 21:27:02 
396,1569878906,0.0,0.0,0.0,25.45,72.43,97808.15,0.0,6,396, Mon, 19/09/30, 21:28:26 
397,1569878990,0.0,0.0,0.0,25.45,72.28,97805.44,0.0,6,397, Mon, 19/09/30, 21:29:50 
398,1569879074,0.0,0.0,0.0,25.44,72.26,97810.05,0.0,5,398, Mon, 19/09/30, 21:31:14 
399,1569879158,0.0,0.0,0.0,25.44,72.28,97801.64,0.0,6,399, Mon, 19/09/30, 21:32:38 
400,1569879242,0.0,0.0,0.0,25.45,72.46,97808.97,0.0,4,400, Mon, 19/09/30, 21:34:02 
401,1569879326,0.0,0.0,0.0,25.45,72.28,97804.34,0.0,6,401, Mon, 19/09/30, 21:35:26 
402,1569879410,0.0,0.0,0.0,25.45,72.5,97805.95,0.0,6,402, Mon, 19/09/30, 21:36:50 
403,1569879494,0.0,0.0,0.0,25.45,72.31,97804.05,0.0,5,403, Mon, 19/09/30, 21:38:14 
404,1569879578,0.0,0.0,0.0,25.45,72.26,97810.29,0.0,5,404, Mon, 19/09/30, 21:39:38 
405,1569879662,0.0,0.0,0.0,25.45,72.26,97816.5,0.0,6,405, Mon, 19/09/30, 21:41:02 
406,1569879746,0.0,0.0,0.0,25.46,72.11,97810.29,0.0,4,406, Mon, 19/09/30, 21:42:26 
407,1569879830,0.0,0.0,0.0,25.47,72.31,97810.29,0.0,6,407, Mon, 19/09/30, 21:43:50 
408,1569879914,0.0,0.0,0.0,25.46,72.3,97809.47,0.0,6,408, Mon, 19/09/30, 21:45:14 
409,1569879998,0.0,0.0,0.0,25.46,72.25,97804.86,0.0,6,409, Mon, 19/09/30, 21:46:38 
410,1569880082,0.0,0.0,0.0,25.47,72.21,97804.86,0.0,6,410, Mon, 19/09/30, 21:48:02 
411,1569880166,0.0,0.0,0.0,25.47,72.3,97799.44,0.0,6,411, Mon, 19/09/30, 21:49:26 
412,1569880250,0.0,0.0,0.0,25.48,72.19,97801.84,0.0,6,412, Mon, 19/09/30, 21:50:50 
413,1569880334,0.0,0.0,0.0,25.48,72.27,97806.45,0.0,5,413, Mon, 19/09/30, 21:52:14 
414,1569880465,0.0,0.0,0.0,25.48,72.29,97801.84,0.0,6,414, Mon, 19/09/30, 21:54:25 
415,1569880557,0.0,0.0,0.0,25.48,72.31,97806.15,0.0,6,415, Mon, 19/09/30, 21:55:57 
416,1569880649,0.0,0.0,0.0,25.5,72.32,97811.57,0.0,6,416, Mon, 19/09/30, 21:57:29 
417,1569880740,0.0,0.0,0.0,25.48,72.3,97811.57,0.0,6,417, Mon, 19/09/30, 21:59:00 
418,1569880831,0.0,0.0,0.0,25.5,72.29,97810.5,0.0,4,418, Mon, 19/09/30, 22:00:31 
419,1569880988,0.0,0.0,0.0,25.5,72.33,97801.55,0.0,6,419, Mon, 19/09/30, 22:03:08 
420,1569881072,0.0,0.0,0.0,25.51,72.31,97806.97,0.0,6,420, Mon, 19/09/30, 22:04:32 
421,1569881156,0.0,0.0,0.0,25.5,72.32,97815.92,0.0,5,421, Mon, 19/09/30, 22:05:56 
422,1569881240,0.0,0.0,0.0,25.51,72.33,97813.21,0.0,6,422, Mon, 19/09/30, 22:07:20 
423,1569881324,0.0,0.0,0.0,25.51,72.33,97811.31,0.0,5,423, Mon, 19/09/30, 22:08:44 
424,1569881408,0.0,0.0,0.0,25.51,72.33,97804.25,0.0,4,424, Mon, 19/09/30, 22:10:08 
425,1569881492,0.0,0.0,0.0,25.52,72.33,97799.64,0.0,6,425, Mon, 19/09/30, 22:11:32 
426,1569881576,0.0,0.0,0.0,25.53,72.33,97796.12,0.0,6,426, Mon, 19/09/30, 22:12:56 
427,1569881660,0.0,0.0,0.0,25.51,72.48,97793.9,0.0,5,427, Mon, 19/09/30, 22:14:20 
428,1569881744,0.0,0.0,0.0,25.51,72.35,97809.11,0.0,6,428, Mon, 19/09/30, 22:15:44 
429,1569881828,0.0,0.0,0.0,25.53,72.33,97804.76,0.0,6,429, Mon, 19/09/30, 22:17:08 
430,1569881912,0.0,0.0,0.0,25.53,72.34,97802.05,0.0,6,430, Mon, 19/09/30, 22:18:32 
431,1569881996,0.0,0.0,0.0,25.53,72.36,97796.62,0.0,4,431, Mon, 19/09/30, 22:19:56 
432,1569882080,0.0,0.0,0.0,25.53,72.27,97809.11,0.0,6,432, Mon, 19/09/30, 22:21:20 
433,1569882164,0.0,0.0,0.0,25.54,72.36,97805.57,0.0,6,433, Mon, 19/09/30, 22:22:44 
434,1569882248,0.0,0.0,0.0,25.54,72.33,97803.68,0.0,6,434, Mon, 19/09/30, 22:24:08 
435,1569882332,0.0,0.0,0.0,25.53,72.33,97803.68,0.0,4,435, Mon, 19/09/30, 22:25:32 
436,1569882416,0.0,0.0,0.0,25.53,72.36,97800.97,0.0,6,436, Mon, 19/09/30, 22:26:56 
437,1569882500,0.0,0.0,0.0,25.53,72.37,97810.7,0.0,6,437, Mon, 19/09/30, 22:28:20 
438,1569882584,0.0,0.0,0.0,25.53,72.36,97807.99,0.0,4,438, Mon, 19/09/30, 22:29:44 
439,1569882668,0.0,0.0,0.0,25.53,72.38,97803.68,0.0,6,439, Mon, 19/09/30, 22:31:08 
440,1569882752,0.0,0.0,0.0,25.54,72.38,97810.7,0.0,6,440, Mon, 19/09/30, 22:32:32 
441,1569882836,0.0,0.0,0.0,25.54,72.38,97812.32,0.0,3,441, Mon, 19/09/30, 22:33:56 
442,1569882920,0.0,0.0,0.0,25.54,72.45,97804.5,0.0,6,442, Mon, 19/09/30, 22:35:20 
443,1569883004,0.0,0.0,0.0,25.54,72.14,97811.51,0.0,6,443, Mon, 19/09/30, 22:36:44 
444,1569883088,0.0,0.0,0.0,25.54,72.4,97810.7,0.0,6,444, Mon, 19/09/30, 22:38:08 
445,1569883172,0.0,0.0,0.0,25.54,72.4,97799.85,0.0,6,445, Mon, 19/09/30, 22:39:32 
446,1569883256,0.0,0.0,0.0,25.54,72.39,97802.56,0.0,6,446, Mon, 19/09/30, 22:40:56 
447,1569883340,0.0,0.0,0.0,25.54,72.41,97809.11,0.0,6,447, Mon, 19/09/30, 22:42:20 
448,1569883424,0.0,0.0,0.0,25.54,72.4,97807.99,0.0,5,448, Mon, 19/09/30, 22:43:44 
449,1569883508,0.0,0.0,0.0,25.54,72.41,97800.66,0.0,6,449, Mon, 19/09/30, 22:45:08 
450,1569883592,0.0,0.0,0.0,25.54,72.38,97805.0,0.0,6,450, Mon, 19/09/30, 22:46:32 
451,1569883676,0.0,0.0,0.0,25.54,72.41,97817.76,0.0,6,451, Mon, 19/09/30, 22:47:56 
452,1569883761,0.0,0.0,0.0,25.54,72.4,97797.14,0.0,6,452, Mon, 19/09/30, 22:49:21 
453,1569883846,0.0,0.0,0.0,25.54,72.51,97803.37,0.0,6,453, Mon, 19/09/30, 22:50:46 
454,1569883931,0.0,0.0,0.0,25.54,72.42,97815.05,0.0,6,454, Mon, 19/09/30, 22:52:11 
455,1569884016,0.0,0.0,0.0,25.54,72.43,97806.9,0.0,6,455, Mon, 19/09/30, 22:53:36 
456,1569884101,0.0,0.0,0.0,25.54,72.45,97817.76,0.0,6,456, Mon, 19/09/30, 22:55:01 
457,1569884186,0.0,0.0,0.0,25.54,72.28,97818.57,0.0,6,457, Mon, 19/09/30, 22:56:26 
458,1569884271,0.0,0.0,0.0,25.54,72.44,97812.32,0.0,6,458, Mon, 19/09/30, 22:57:51 
459,1569884356,0.0,0.0,0.0,25.55,72.45,97820.47,0.0,6,459, Mon, 19/09/30, 22:59:16 
460,1569884441,0.0,0.0,0.0,25.55,72.44,97824.0,0.0,4,460, Mon, 19/09/30, 23:00:41 
461,1569884526,0.0,0.0,0.0,25.55,72.45,97824.78,0.0,5,461, Mon, 19/09/30, 23:02:06 
462,1569884611,0.0,0.0,0.0,25.55,72.47,97819.36,0.0,4,462, Mon, 19/09/30, 23:03:31 
463,1569884696,0.0,0.0,0.0,25.55,72.47,97824.78,0.0,4,463, Mon, 19/09/30, 23:04:56 
464,1569884781,0.0,0.0,0.0,25.54,72.47,97830.22,0.0,6,464, Mon, 19/09/30, 23:06:21 
465,1569884866,0.0,0.0,0.0,25.56,72.49,97824.0,0.0,6,465, Mon, 19/09/30, 23:07:46 
466,1569884951,0.0,0.0,0.0,25.55,72.61,97822.07,0.0,6,466, Mon, 19/09/30, 23:09:11 
467,1569885036,0.0,0.0,0.0,25.55,72.47,97824.78,0.0,6,467, Mon, 19/09/30, 23:10:36 
468,1569885121,0.0,0.0,0.0,25.55,72.56,97827.5,0.0,6,468, Mon, 19/09/30, 23:12:01 
469,1569885206,0.0,0.0,0.0,25.55,72.48,97830.22,0.0,6,469, Mon, 19/09/30, 23:13:26 
470,1569885291,0.0,0.0,0.0,25.56,72.49,97831.84,0.0,6,470, Mon, 19/09/30, 23:14:51 
471,1569885376,0.0,0.0,0.0,25.56,72.49,97825.6,0.0,3,471, Mon, 19/09/30, 23:16:16 
472,1569885461,0.0,0.0,0.0,25.56,72.5,97826.41,0.0,6,472, Mon, 19/09/30, 23:17:41 
473,1569885546,0.0,0.0,0.0,25.56,72.6,97826.41,0.0,5,473, Mon, 19/09/30, 23:19:06 
474,1569885631,0.0,0.0,0.0,25.56,72.5,97827.22,0.0,6,474, Mon, 19/09/30, 23:20:31 
475,1569885716,0.0,0.0,0.0,25.57,72.64,97832.65,0.0,6,475, Mon, 19/09/30, 23:21:56 
476,1569885801,0.0,0.0,0.0,25.56,72.5,97832.65,0.0,6,476, Mon, 19/09/30, 23:23:21 
477,1569885886,0.0,0.0,0.0,25.57,72.5,97833.44,0.0,6,477, Mon, 19/09/30, 23:24:46 
478,1569885971,0.0,0.0,0.0,25.57,72.49,97828.01,0.0,4,478, Mon, 19/09/30, 23:26:11 
479,1569886056,0.0,0.0,0.0,25.59,72.48,97838.87,0.0,4,479, Mon, 19/09/30, 23:27:36 
480,1569886141,0.0,0.0,0.0,25.57,72.49,97837.78,0.0,6,480, Mon, 19/09/30, 23:29:01 
481,1569886226,0.0,0.0,0.0,25.57,72.49,97844.3,0.0,6,481, Mon, 19/09/30, 23:30:26 
482,1569886311,0.0,0.0,0.0,25.57,72.5,97842.39,0.0,4,482, Mon, 19/09/30, 23:31:51 
483,1569886396,0.0,0.0,0.0,25.57,72.49,97845.11,0.0,4,483, Mon, 19/09/30, 23:33:16 
484,1569886481,0.0,0.0,0.0,25.57,72.49,97844.3,0.0,6,484, Mon, 19/09/30, 23:34:41 
485,1569886566,0.0,0.0,0.0,25.57,72.5,97839.69,0.0,4,485, Mon, 19/09/30, 23:36:06 
486,1569886651,0.0,0.0,0.0,25.59,72.5,97842.39,0.0,6,486, Mon, 19/09/30, 23:37:31 
487,1569886736,0.0,0.0,0.0,25.59,72.51,97845.92,0.0,6,487, Mon, 19/09/30, 23:38:56 
488,1569886821,0.0,0.0,0.0,25.59,72.47,97843.21,0.0,6,488, Mon, 19/09/30, 23:40:21 
489,1569886906,0.0,0.0,0.0,25.6,72.49,97851.35,0.0,6,489, Mon, 19/09/30, 23:41:46 
490,1569886991,0.0,0.0,0.0,25.6,72.5,97852.95,0.0,5,490, Mon, 19/09/30, 23:43:11 
491,1569887076,0.0,0.0,0.0,25.6,72.5,97857.59,0.0,6,491, Mon, 19/09/30, 23:44:36 
492,1569887161,0.0,0.0,0.0,25.6,72.48,97862.72,0.0,4,492, Mon, 19/09/30, 23:46:01 
493,1569887246,0.0,0.0,0.0,25.6,72.49,97848.64,0.0,6,493, Mon, 19/09/30, 23:47:26 
494,1569887331,0.0,0.0,0.0,25.6,72.49,97852.95,0.0,6,494, Mon, 19/09/30, 23:48:51 
495,1569887416,0.0,0.0,0.0,25.6,72.49,97852.95,0.0,6,495, Mon, 19/09/30, 23:50:16 
496,1569887501,0.0,0.0,0.0,25.6,72.49,97852.95,0.0,5,496, Mon, 19/09/30, 23:51:41 
497,1569887586,0.0,0.0,0.0,25.6,72.5,97847.51,0.0,6,497, Mon, 19/09/30, 23:53:06 
498,1569887671,0.0,0.0,0.0,25.6,72.49,97853.76,0.0,6,498, Mon, 19/09/30, 23:54:31 
499,1569887756,0.0,0.0,0.0,25.61,72.52,97849.15,0.0,6,499, Mon, 19/09/30, 23:55:56 
500,1569887841,0.0,0.0,0.0,25.61,72.51,97856.47,0.0,6,500, Mon, 19/09/30, 23:57:21 
501,1569887926,0.0,0.0,0.0,25.6,72.57,97854.57,0.0,6,501, Mon, 19/09/30, 23:58:46 
502,1569888011,0.0,0.0,0.0,25.6,72.52,97854.57,0.0,3,502, Tue, 19/10/01, 00:00:11 
503,1569888096,0.0,0.0,0.0,25.61,72.57,97858.37,0.0,6,503, Tue, 19/10/01, 00:01:36 
504,1569888181,0.0,0.0,0.0,25.62,72.52,97856.17,0.0,6,504, Tue, 19/10/01, 00:03:01 
505,1569888266,0.0,0.0,0.0,25.61,72.49,97859.19,0.0,4,505, Tue, 19/10/01, 00:04:26 
506,1569888351,0.0,0.0,0.0,25.61,72.47,97854.57,0.0,6,506, Tue, 19/10/01, 00:05:51 
507,1569888436,0.0,0.0,0.0,25.62,72.53,97862.72,0.0,6,507, Tue, 19/10/01, 00:07:16 
508,1569888521,0.0,0.0,0.0,25.62,72.52,97865.44,0.0,6,508, Tue, 19/10/01, 00:08:41 
509,1569888606,0.0,0.0,0.0,25.62,72.53,97860.82,0.0,6,509, Tue, 19/10/01, 00:10:06 
510,1569888691,0.0,0.0,0.0,25.61,72.53,97867.03,0.0,6,510, Tue, 19/10/01, 00:11:31 
511,1569888776,0.0,0.0,0.0,25.62,72.53,97865.44,0.0,6,511, Tue, 19/10/01, 00:12:56 
512,1569888861,0.0,0.0,0.0,25.62,72.53,97872.45,0.0,4,512, Tue, 19/10/01, 00:14:21 
513,1569888946,0.0,0.0,0.0,25.62,72.51,97872.45,0.0,6,513, Tue, 19/10/01, 00:15:46 
514,1569889031,0.0,0.0,0.0,25.62,72.53,97875.17,0.0,6,514, Tue, 19/10/01, 00:17:11 
515,1569889116,0.0,0.0,0.0,25.62,72.6,97867.84,0.0,4,515, Tue, 19/10/01, 00:18:36 
516,1569889201,0.0,0.0,0.0,25.62,72.47,97872.45,0.0,6,516, Tue, 19/10/01, 00:20:01 
517,1569889286,0.0,0.0,0.0,25.62,72.54,97868.65,0.0,6,517, Tue, 19/10/01, 00:21:26 
518,1569889372,0.0,0.0,0.0,25.62,72.53,97872.45,0.0,4,518, Tue, 19/10/01, 00:22:52 
519,1569889458,0.0,0.0,0.0,25.62,72.55,97873.27,0.0,6,519, Tue, 19/10/01, 00:24:18 
520,1569889629,0.0,0.0,0.0,25.62,72.57,97877.89,0.0,6,520, Tue, 19/10/01, 00:27:09 
521,1569889723,0.0,0.0,0.0,25.62,72.73,97875.17,0.0,6,521, Tue, 19/10/01, 00:28:43 
522,1569889815,0.0,0.0,0.0,25.62,72.56,97871.67,0.0,5,522, Tue, 19/10/01, 00:30:15 
523,1569889908,0.0,0.0,0.0,25.62,72.44,97877.89,0.0,5,523, Tue, 19/10/01, 00:31:48 
524,1569890002,0.0,0.0,0.0,25.62,72.52,97884.12,1.0,5,524, Tue, 19/10/01, 00:33:22 
525,1569890120,0.0,0.0,0.0,25.62,72.55,97884.94,0.0,6,525, Tue, 19/10/01, 00:35:20 
526,1569890216,0.0,0.0,0.0,25.62,72.64,97880.32,1.0,5,526, Tue, 19/10/01, 00:36:56 
527,1569890310,0.0,0.0,0.0,25.63,72.55,97879.51,1.0,5,527, Tue, 19/10/01, 00:38:30 
528,1569890468,0.0,0.0,0.0,25.62,72.48,97875.99,2.0,5,528, Tue, 19/10/01, 00:41:08 
529,1569890554,0.0,0.0,0.0,25.62,72.56,97879.51,3.0,5,529, Tue, 19/10/01, 00:42:34 
530,1569890640,0.0,0.0,0.0,25.62,72.35,97874.09,4.0,5,530, Tue, 19/10/01, 00:44:00 
531,1569890726,0.0,0.0,0.0,25.63,72.6,97868.65,4.0,5,531, Tue, 19/10/01, 00:45:26 
532,1569890812,0.0,0.0,0.0,25.63,72.5,97874.9,6.0,5,532, Tue, 19/10/01, 00:46:52 
533,1569890898,0.0,0.0,0.0,25.63,72.65,97869.47,7.0,5,533, Tue, 19/10/01, 00:48:18 
534,1569890984,0.0,0.0,0.0,25.63,72.54,97869.47,10.0,5,534, Tue, 19/10/01, 00:49:44 
535,1569891070,0.0,0.0,0.0,25.63,72.52,97871.37,12.0,5,535, Tue, 19/10/01, 00:51:10 
536,1569891156,0.0,0.0,0.0,25.61,71.62,97870.86,14.0,5,536, Tue, 19/10/01, 00:52:36 
537,1569891242,0.0,0.0,0.0,25.51,69.58,97874.81,17.0,4,537, Tue, 19/10/01, 00:54:02 
538,1569891328,0.0,0.0,0.0,25.32,67.94,97871.78,18.0,5,538, Tue, 19/10/01, 00:55:28 
539,1569891414,0.0,0.0,0.0,25.1,66.51,97879.12,20.0,5,539, Tue, 19/10/01, 00:56:54 
540,1569891500,0.0,0.0,0.0,24.85,64.27,97874.55,22.0,4,540, Tue, 19/10/01, 00:58:20 
541,1569891586,0.0,0.0,0.0,24.56,62.25,97880.25,23.0,5,541, Tue, 19/10/01, 00:59:46 
542,1569891672,0.0,0.0,0.0,24.23,60.86,97875.44,26.0,5,542, Tue, 19/10/01, 01:01:12 
543,1569891758,0.0,0.0,0.0,23.96,60.08,97880.5,28.0,3,543, Tue, 19/10/01, 01:02:38 
544,1569891844,0.0,0.0,0.0,23.69,59.72,97883.97,30.0,2,544, Tue, 19/10/01, 01:04:04 
545,1569891930,0.0,0.0,0.0,23.47,59.52,97887.07,34.0,4,545, Tue, 19/10/01, 01:05:30 
546,1569892016,0.0,0.0,0.0,23.3,58.91,97884.44,38.0,5,546, Tue, 19/10/01, 01:06:56 
547,1569892102,0.0,0.0,0.0,23.13,58.45,97883.45,43.0,5,547, Tue, 19/10/01, 01:08:22 
548,1569892188,0.0,0.0,0.0,22.97,58.09,97890.54,53.0,5,548, Tue, 19/10/01, 01:09:48 
549,1569892274,0.0,0.0,0.0,22.81,58.12,97882.76,63.0,5,549, Tue, 19/10/01, 01:11:14 
550,1569892360,0.0,0.0,0.0,22.7,57.81,97887.66,68.0,5,550, Tue, 19/10/01, 01:12:40 
551,1569892446,0.0,0.0,0.0,22.6,57.55,97892.0,72.0,5,551, Tue, 19/10/01, 01:14:06 
552,1569892532,0.0,0.0,0.0,22.46,57.56,97891.74,81.0,5,552, Tue, 19/10/01, 01:15:32 
553,1569892618,0.0,0.0,0.0,22.32,57.53,97893.11,91.0,5,553, Tue, 19/10/01, 01:16:58 
554,1569892704,0.0,0.0,0.0,22.23,57.55,97892.3,99.0,5,554, Tue, 19/10/01, 01:18:24 
555,1569892790,0.0,0.0,0.0,22.12,57.69,97888.8,104.0,3,555, Tue, 19/10/01, 01:19:50 
556,1569892876,0.0,0.0,0.0,22.04,57.41,97894.74,109.0,5,556, Tue, 19/10/01, 01:21:16 
557,1569892962,0.0,0.0,0.0,21.94,57.55,97895.82,113.0,5,557, Tue, 19/10/01, 01:22:42 
558,1569893048,0.0,0.0,0.0,21.85,57.53,97892.04,117.0,4,558, Tue, 19/10/01, 01:24:08 
559,1569893134,0.0,0.0,0.0,21.77,57.47,97901.45,122.0,5,559, Tue, 19/10/01, 01:25:34 
560,1569893220,0.0,0.0,0.0,21.69,57.28,97903.86,128.0,5,560, Tue, 19/10/01, 01:27:00 
561,1569893306,0.0,0.0,0.0,21.59,57.46,97906.55,133.0,5,561, Tue, 19/10/01, 01:28:26 
562,1569893392,0.0,0.0,0.0,21.51,57.48,97908.95,137.0,5,562, Tue, 19/10/01, 01:29:52 
563,1569893478,0.0,0.0,0.0,21.39,57.51,97915.92,141.0,5,563, Tue, 19/10/01, 01:31:18 
564,1569893564,0.0,0.0,0.0,21.35,57.43,97912.69,145.0,5,564, Tue, 19/10/01, 01:32:44 
565,1569893650,0.0,0.0,0.0,21.29,57.39,97918.05,151.0,4,565, Tue, 19/10/01, 01:34:10 
566,1569893736,0.0,0.0,0.0,21.22,57.43,97921.8,158.0,5,566, Tue, 19/10/01, 01:35:36 
567,1569893822,0.0,0.0,0.0,21.17,57.35,97920.99,161.0,4,567, Tue, 19/10/01, 01:37:02 
568,1569893908,0.0,0.0,0.0,21.07,57.41,97922.55,164.0,5,568, Tue, 19/10/01, 01:38:28 
569,1569893994,0.0,0.0,0.0,21.03,57.39,97932.75,166.0,3,569, Tue, 19/10/01, 01:39:54 
570,1569894080,0.0,0.0,0.0,20.95,57.36,97923.81,170.0,2,570, Tue, 19/10/01, 01:41:20 
571,1569894166,0.0,0.0,0.0,20.88,57.39,97934.84,175.0,5,571, Tue, 19/10/01, 01:42:46 
572,1569894253,0.0,0.0,0.0,20.84,57.32,97933.17,180.0,5,572, Tue, 19/10/01, 01:44:13 
573,1569894339,0.0,0.0,0.0,20.77,57.4,97933.42,183.0,5,573, Tue, 19/10/01, 01:45:39 
574,1569894425,0.0,0.0,0.0,20.7,57.5,97930.96,184.0,5,574, Tue, 19/10/01, 01:47:05 
575,1569894512,0.0,0.0,0.0,20.63,57.82,97940.9,189.0,5,575, Tue, 19/10/01, 01:48:32 
576,1569894598,0.0,0.0,0.0,20.61,58.01,97927.39,201.0,5,576, Tue, 19/10/01, 01:49:58 
577,1569894684,0.0,0.0,0.0,20.57,58.38,97937.61,211.0,5,577, Tue, 19/10/01, 01:51:24 
578,1569894771,0.0,0.0,0.0,20.55,58.53,97933.55,221.0,4,578, Tue, 19/10/01, 01:52:51 
579,1569894858,0.0,0.0,0.0,20.54,58.6,97929.49,237.0,5,579, Tue, 19/10/01, 01:54:18 
580,1569894945,0.0,0.0,0.0,20.51,58.74,97936.45,246.0,5,580, Tue, 19/10/01, 01:55:45 
581,1569895032,0.0,0.0,0.0,20.46,58.87,97942.37,257.0,5,581, Tue, 19/10/01, 01:57:12 
582,1569895119,0.0,0.0,0.0,20.43,58.92,97946.39,262.0,1,582, Tue, 19/10/01, 01:58:39 
583,1569895206,0.0,0.0,0.0,20.39,59.09,97945.29,262.0,5,583, Tue, 19/10/01, 02:00:06 
584,1569895293,0.0,0.0,0.0,20.37,59.21,97938.53,268.0,5,584, Tue, 19/10/01, 02:01:33 
585,1569895380,0.0,0.0,0.0,20.35,59.33,97948.75,267.0,5,585, Tue, 19/10/01, 02:03:00 
586,1569895467,0.0,0.0,0.0,20.3,59.47,97942.81,273.0,5,586, Tue, 19/10/01, 02:04:27 
587,1569895554,0.0,0.0,0.0,20.29,59.67,97940.89,288.0,3,587, Tue, 19/10/01, 02:05:54 
588,1569895641,0.0,0.0,0.0,20.25,59.87,97945.15,301.0,5,588, Tue, 19/10/01, 02:07:21 
589,1569895728,0.0,0.0,0.0,20.2,60.08,97949.2,307.0,5,589, Tue, 19/10/01, 02:08:48 
590,1569895815,0.0,0.0,0.0,20.2,60.13,97948.64,308.0,5,590, Tue, 19/10/01, 02:10:15 
591,1569895902,0.0,0.0,0.0,20.17,60.41,97951.8,321.0,5,591, Tue, 19/10/01, 02:11:42 
592,1569895989,0.0,0.0,0.0,20.15,60.48,97955.57,332.0,5,592, Tue, 19/10/01, 02:13:09 
593,1569896076,0.0,0.0,0.0,20.14,60.61,97955.57,333.0,5,593, Tue, 19/10/01, 02:14:36 
594,1569896163,0.0,0.0,0.0,20.13,60.71,97957.72,322.0,5,594, Tue, 19/10/01, 02:16:03 
595,1569896250,0.0,0.0,0.0,20.12,60.81,97958.76,311.0,5,595, Tue, 19/10/01, 02:17:30 
596,1569896337,0.0,0.0,0.0,20.12,60.93,97964.15,300.0,5,596, Tue, 19/10/01, 02:18:57 
597,1569896424,0.0,0.0,0.0,20.09,61.13,97962.22,298.0,5,597, Tue, 19/10/01, 02:20:24 
598,1569896511,0.0,0.0,0.0,20.05,61.26,97963.53,279.0,5,598, Tue, 19/10/01, 02:21:51 
599,1569896598,0.0,0.0,0.0,20.04,61.46,97970.0,276.0,5,599, Tue, 19/10/01, 02:23:18 
600,1569896685,0.0,0.0,0.0,20.04,61.62,97972.95,274.0,5,600, Tue, 19/10/01, 02:24:45 
601,1569896772,0.0,0.0,0.0,20.01,61.8,97973.19,262.0,3,601, Tue, 19/10/01, 02:26:12 
602,1569896859,0.0,0.0,0.0,20.02,61.99,97975.87,276.0,5,602, Tue, 19/10/01, 02:27:39 
603,1569896946,0.0,0.0,0.0,20.01,62.22,97968.89,307.0,5,603, Tue, 19/10/01, 02:29:06 
604,1569897033,0.0,0.0,0.0,20.01,62.48,97980.47,316.0,5,604, Tue, 19/10/01, 02:30:33 
605,1569897120,0.0,0.0,0.0,20.01,62.74,97979.65,322.0,5,605, Tue, 19/10/01, 02:32:00 
606,1569897207,0.0,0.0,0.0,20.02,62.78,97981.25,311.0,5,606, Tue, 19/10/01, 02:33:27 
607,1569897294,0.0,0.0,0.0,20.01,62.72,97981.51,314.0,5,607, Tue, 19/10/01, 02:34:54 
608,1569897381,0.0,0.0,0.0,19.97,62.63,97990.9,311.0,5,608, Tue, 19/10/01, 02:36:21 
609,1569897468,0.0,0.0,0.0,19.97,62.41,97994.67,295.0,3,609, Tue, 19/10/01, 02:37:48 
610,1569897555,0.0,0.0,0.0,19.95,62.32,97992.47,337.0,5,610, Tue, 19/10/01, 02:39:15 
611,1569897642,0.0,0.0,0.0,19.88,62.36,97999.43,372.0,3,611, Tue, 19/10/01, 02:40:42 
612,1569897729,0.0,0.0,0.0,19.87,62.38,97995.62,389.0,5,612, Tue, 19/10/01, 02:42:09 
613,1569897816,0.0,0.0,0.0,19.84,62.47,98006.65,407.0,5,613, Tue, 19/10/01, 02:43:36 
614,1569897903,0.0,0.0,0.0,19.81,62.54,98009.59,408.0,5,614, Tue, 19/10/01, 02:45:03 
615,1569897990,0.0,0.0,0.0,19.8,62.54,98009.82,404.0,5,615, Tue, 19/10/01, 02:46:30 
616,1569898077,0.0,0.0,0.0,19.79,62.72,98003.89,386.0,5,616, Tue, 19/10/01, 02:47:57 
617,1569898164,0.0,0.0,0.0,19.77,62.71,98019.24,381.0,5,617, Tue, 19/10/01, 02:49:24 
618,1569898251,0.0,0.0,0.0,19.76,62.65,98011.65,394.0,5,618, Tue, 19/10/01, 02:50:51 
619,1569898338,0.0,0.0,0.0,19.75,62.66,98014.61,397.0,5,619, Tue, 19/10/01, 02:52:18 
620,1569898425,0.0,0.0,0.0,19.73,62.73,98016.47,419.0,5,620, Tue, 19/10/01, 02:53:45 
621,1569898512,0.0,0.0,0.0,19.72,62.72,98018.61,426.0,5,621, Tue, 19/10/01, 02:55:12 
622,1569898599,0.0,0.0,0.0,19.7,62.66,98015.36,442.0,5,622, Tue, 19/10/01, 02:56:39 
623,1569898686,0.0,0.0,0.0,19.69,62.78,98021.81,456.0,3,623, Tue, 19/10/01, 02:58:06 
624,1569898773,0.0,0.0,0.0,19.67,62.77,98025.81,475.0,2,624, Tue, 19/10/01, 02:59:33 
625,1569898860,0.0,0.0,0.0,19.63,62.87,98026.86,494.0,1,625, Tue, 19/10/01, 03:01:00 
626,1569898947,0.0,0.0,0.0,19.62,62.94,98028.2,494.0,5,626, Tue, 19/10/01, 03:02:27 
627,1569899034,0.0,0.0,0.0,19.61,63.01,98036.5,486.0,5,627, Tue, 19/10/01, 03:03:54 
628,1569899121,0.0,0.0,0.0,19.6,63.03,98033.01,468.0,5,628, Tue, 19/10/01, 03:05:21 
629,1569899254,0.0,0.0,0.0,19.62,63.01,98040.0,468.0,5,629, Tue, 19/10/01, 03:07:34 
630,1569899368,0.0,0.0,0.0,19.6,63.03,98033.01,486.0,4,630, Tue, 19/10/01, 03:09:28 
631,1569899503,0.0,0.0,0.0,19.57,63.07,98041.57,536.0,4,631, Tue, 19/10/01, 03:11:43 
632,1569899652,0.0,0.0,0.0,19.57,63.13,98041.82,552.0,3,632, Tue, 19/10/01, 03:14:12 
633,1569899769,0.0,0.0,0.0,19.55,63.2,98043.69,550.0,4,633, Tue, 19/10/01, 03:16:09 
